[
{"system": "Disqus", "section_selector": "[id^=dsq-]", "comment_selector": "div.post-content"},
{"system": "Facebook", "section_selector": "div.fbFeedbackContent, html#facebook", "comment_selector": "postContainer.fsl.fwb.fcb, div._3-8y._5nz1"},
{"system": "Livefyre", "section_selector": ".fyre-widget", "comment_selector": ".fyre-comment-wrapper"},
{"system": "Kinja", "section_selector": "#js_discussion-region", "comment_selector": "article.js_reply.reply"},
{"system": "Viafoura","section_selector":".vf-commenting","comment_selector":".vf-comment-container"}
]
