[
{"domain": "motherjones.com", "section_selector": "#dsq-2", "comment_selector": "div.post-content", "template": "Disqus", "category": "World News"},
{"domain": "nymag.com", "section_selector": ".fyre-widget", "comment_selector": ".fyre-comment-wrapper", "template": "Livefyre", "category": "World News"},
{"domain": "pbs.org", "section_selector": "#dsq-2", "comment_selector": "div.post-content", "template": "Disqus", "category": "World News"},
{"domain": "thedailybeast.com", "section_selector": ".fyre-widget", "comment_selector": ".fyre-comment-wrapper", "template": "Livefyre", "category": "World News"},
{"domain": "dailymail.co.uk", "section_selector": "#reader-comments", "comment_selector": ".comment", "template": "", "category": "World News"},
{"domain": "metro.co.uk", "section_selector": "div.fbFeedbackContent", "comment_selector": "div.postContainer.fsl.fwb.fcb", "template": "Facebook", "category": "World News"},
{"domain": "washingtonpost.com", "section_selector": "div.echo-streamserver-controls-stream", "comment_selector": "div.echo-streamserver-controls-stream-item-container", "template": "", "category": "World News"},
{"domain": "america.aljazeera.com", "section_selector": "#commentsDiv", "comment_selector": ".gig-comments-comment", "template": "", "category": "World News"},
{"domain": "huffingtonpost.co*", "section_selector": "div.fbFeedbackContent", "comment_selector": "div.postContainer.fsl.fwb.fcb", "template": "Facebook", "category": "World News"},
{"domain": "theguardian.com", "section_selector": ".discussion__main-comments.js-discussion-main-comments", "comment_selector": ".d-comment__inner,   .d-comment--response", "template": "", "category": "World News"},
{"domain": "theatlantic.com", "section_selector": "#dsq-2", "comment_selector": "div.post-content", "template": "Disqus", "category": "World News"},
{"domain": "economist.com", "section_selector": "#comments-area", "comment_selector": ".single-comment", "template": "", "category": "World News"},
{"domain": "vice.com", "section_selector": "div.fbFeedbackContent", "comment_selector": "div.postContainer.fsl.fwb.fcb", "template": "Facebook", "category": "World News"},
{"domain": "yahoo.com", "section_selector": "div.all-comments", "comment_selector": "li.comment", "template": "", "category": "World News"},
{"domain": "stream.aljazeera.com", "section_selector": "div.fbFeedbackContent", "comment_selector": "div.postContainer.fsl.fwb.fcb", "template": "Facebook", "category": "World News"},
{"domain": "independent.co.uk", "section_selector": "div.comment-container", "comment_selector": "div.gig-comment", "template": "", "category": "World News"},
{"domain": "foxnews.com", "section_selector": ".fyre-widget", "comment_selector": ".fyre-comment-wrapper", "template": "Livefyre", "category": "World News"},
{"domain": "telegraph.co.uk", "section_selector": "#dsq-2", "comment_selector": "div.post-content", "template": "Disqus", "category": "World News"},
{"domain": "npr.org", "section_selector": "#dsq-2", "comment_selector": "div.post-content", "template": "Disqus", "category": "World News"},
{"domain": "vanityfair.com", "section_selector": ".fyre-widget", "comment_selector": ".fyre-comment-wrapper", "template": "Livefyre", "category": "World News"},
{"domain": "dailydot.com", "section_selector": ".fyre-widget", "comment_selector": ".fyre-comment-wrapper", "template": "Livefyre", "category": "World News"},
{"domain": "cbsnews.com", "section_selector": ".fyre-widget", "comment_selector": ".fyre-comment-wrapper", "template": "Livefyre", "category": "World News"},
{"domain": "aol.com", "section_selector": "#aol-comments", "comment_selector": "div.comment", "template": "", "category": "World News"},
{"domain": "mlive.com", "section_selector": ".fyre-widget", "comment_selector": ".fyre-comment-wrapper", "template": "Livefyre", "category": "Local News"},
{"domain": "talkingpointsmemo.com", "section_selector": "#comments", "comment_selector": "#comments div.clearfix", "template": "", "category": "Politics"},
{"domain": "rawstory.com", "section_selector": "#dsq-2", "comment_selector": "div.post-content", "template": "Disqus", "category": "Politics"},
{"domain": "mediaite.com", "section_selector": "#dsq-2", "comment_selector": "div.post-content", "template": "Disqus", "category": "Politics"},
{"domain": "thehill.com", "section_selector": "#dsq-2", "comment_selector": "div.post-content", "template": "Disqus", "category": "Politics"},
{"domain": "bloombergview.com", "section_selector": "#dsq-2", "comment_selector": "div.post-content", "template": "Disqus", "category": "Politics"},
{"domain": "dailykos.com", "section_selector": "#rateAllForm > ul", "comment_selector": "#rateAllForm > ul li", "template": "", "category": "Politics"},
{"domain": "thinkprogress.org", "section_selector": "div.fbFeedbackContent", "comment_selector": "div.postContainer.fsl.fwb.fcb", "template": "Facebook", "category": "Politics"},
{"domain": "mediamatters.org", "section_selector": "#dsq-2", "comment_selector": "div.post-content", "template": "Disqus", "category": "Politics"},
{"domain": "politico.com", "section_selector": "#dsq-2", "comment_selector": "div.post-content", "template": "Disqus", "category": "Politics"},
{"domain": "clientsfromhell.net", "section_selector": "#dsq-2", "comment_selector": "div.post-content", "template": "Disqus", "category": "Entertainment"},
{"domain": "gamasutra.com", "section_selector": "#dynamiccomments", "comment_selector": ".parentComment,    .replyComment", "template": "", "category": "Entertainment"},
{"domain": "escapistmagazine.com", "section_selector": "div.fbFeedbackContent", "comment_selector": "div.postContainer.fsl.fwb.fcb", "template": "Facebook", "category": "Entertainment"},
{"domain": "mashable.com", "section_selector": ".fyre-widget", "comment_selector": ".fyre-comment-wrapper", "template": "Livefyre", "category": "Entertainment"},
{"domain": "collegehumor.com", "section_selector": "div.fbFeedbackContent", "comment_selector": "div.postContainer.fsl.fwb.fcb", "template": "Facebook", "category": "Entertainment"},
{"domain": "avclub.com", "section_selector": "#dsq-2", "comment_selector": "div.post-content", "template": "Disqus", "category": "Entertainment"},
{"domain": "youtube.com", "section_selector": "#watch-discussion", "comment_selector": ".comment-item", "template": "", "category": "Entertainment"},
{"domain": "knowyourmeme.com", "section_selector": "div.fbFeedbackContent,    #comments", "comment_selector": "div.postContainer.fsl.fwb.fcb,    .comment.rel", "template": "", "category": "Entertainment"},
{"domain": "fusion.net", "section_selector": "div.fbFeedbackContent", "comment_selector": "div.postContainer.fsl.fwb.fcb", "template": "Facebook", "category": "Blogs"},
{"domain": "blogspot.com", "section_selector": "#Blog1_comments-block-wrapper", "comment_selector": ".comment-body", "template": "", "category": "Blogs"},
{"domain": "diply.com", "section_selector": "div.fbFeedbackContent", "comment_selector": "div.postContainer.fsl.fwb.fcb", "template": "Facebook", "category": "Blogs"},
{"domain": "buzzfeed.com", "section_selector": "div.fbFeedbackContent", "comment_selector": "div.postContainer.fsl.fwb.fcb", "template": "Facebook", "category": "Blogs"},
{"domain": "kotaku.com", "section_selector": "section.js_replies", "comment_selector": "article.js_reply.reply", "template": "Kinja", "category": "Blogs"},
{"domain": "jalopnik.com", "section_selector": "section.js_replies", "comment_selector": "article.js_reply.reply", "template": "Kinja", "category": "Blogs"},
{"domain": "gizmodo.com", "section_selector": "section.js_replies", "comment_selector": "article.js_reply.reply", "template": "Kinja", "category": "Blogs"},
{"domain": "io9.com", "section_selector": "section.js_replies", "comment_selector": "article.js_reply.reply", "template": "Kinja", "category": "Blogs"},
{"domain": "gawker.com", "section_selector": "section.js_replies", "comment_selector": "article.js_reply.reply", "template": "Kinja", "category": "Blogs"},
{"domain": "deadspin.com", "section_selector": "section.js_replies", "comment_selector": "article.js_reply.reply", "template": "Kinja", "category": "Blogs"},
{"domain": "jezebel.com", "section_selector": "section.js_replies", "comment_selector": "article.js_reply.reply", "template": "Kinja", "category": "Blogs"},
{"domain": "instructables.com", "section_selector": "#comments", "comment_selector": "div.comment-entry", "template": "", "category": "Technology"},
{"domain": "slashdot.org", "section_selector": "#commentwrap", "comment_selector": ".cw", "template": "", "category": "Technology"},
{"domain": "arstechnica.com", "section_selector": "#comments-area", "comment_selector": ".comment", "template": "", "category": "Technology"},
{"domain": "lifehacker.com", "section_selector": "section.js_replies", "comment_selector": "article.js_reply.reply", "template": "Kinja", "category": "Technology"},
{"domain": "amazon.com", "section_selector": "#revMH", "comment_selector": "#revMHRL > .a-section.celwidget", "template": "", "category": "Uncategorized"},
{"domain": "*.wikia.com", "section_selector": "#article-comments", "comment_selector": "li.comment", "template": "", "category": "Uncategorized"},
{"domain": "patreon.com", "section_selector": "#creation-comments > div.thread > div.cb_comment.ranked_popular.comment_0", "comment_selector": ".comment_block", "template": "", "category": "Uncategorized"},
{"category": "World News", "comment_selector": "article.j-comment", "domain": "msnbc.com", "template": "", "section_selector": "#discussions .j_watch_ticker"},
{"category": "Local News", "comment_selector": "div.post-content", "domain": "*.cbslocal.com", "template": "Disqus", "section_selector": "#dsq-2"},
{"category": "World News", "comment_selector": "div.post-content", "domain": "thenation.com", "template": "Disqus", "section_selector": "#dsq-2"},
{"category": "World News", "comment_selector": "div.postContainer.fsl.fwb.fcb", "domain": "ibtimes.com", "template": "Facebook", "section_selector": "div.fbFeedbackContent"},
{"category": "World News", "comment_selector": "div.pundit-content", "domain": "businessinsider.com", "template": "", "section_selector": "#comments"},
{"category": "World News", "comment_selector": "div.gig-comments-comment, div.gig-comments-comment-child", "domain": "standard.co.uk", "template": "", "section_selector": "#gigyacomment_thread"},
{"category": "Local News", "comment_selector": ".fyre-comment-wrapper", "domain": "al.com", "template": "Livefyre", "section_selector": ".fyre-widget"},
{"category": "Local News", "comment_selector": "div.postContainer.fsl.fwb.fcb", "domain": "adn.com", "template": "Facebook", "section_selector": "div.fbFeedbackContent"},
{"category": "Local News", "comment_selector": "div.post-content", "domain": "arkansasnews.com", "template": "Disqus", "section_selector": "#dsq-2"},
{"category": "Local News", "comment_selector": ".gig-comment", "domain": "sacbee.com", "template": "", "section_selector": ".gig-comments-container"},
{"category": "Local News", "comment_selector": "div.post-content", "domain": "denverpost.com", "template": "Disqus", "section_selector": "#dsq-2"},
{"category": "Local News", "comment_selector": ".vf-comment-container", "domain": "courant.com", "template": "Viafoura", "section_selector": ".vf-commenting"},
{"category": "World News", "comment_selector": ".vf-comment-container", "domain": "latimes.com", "template": "Viafoura", "section_selector": ".vf-commenting"},
{"category": "Local News", "comment_selector": "div.postContainer.fsl.fwb.fcb", "domain": "miamiherald.com", "template": "Facebook", "section_selector": "div.fbFeedbackContent"},
{"category": "Local News", "comment_selector": ".vf-comment-container", "domain": "sun-sentinel.com", "template": "Viafoura", "section_selector": ".vf-commenting"},
{"category": "Local News", "comment_selector": ".fyre-comment-wrapper", "domain": "ajc.com", "template": "Livefyre", "section_selector": ".fyre-widget"},
{"category": "Local News", "comment_selector": "div.postContainer.fsl.fwb.fcb", "domain": "hawaiinewsnow.com", "template": "Facebook", "section_selector": "div.fbFeedbackContent"},
{"category": "Local News", "comment_selector": "div.postContainer.fsl.fwb.fcb", "domain": "idahostatesman.com", "template": "Facebook", "section_selector": "div.fbFeedbackContent"},
{"category": "World News", "comment_selector": ".vf-comment-container", "domain": "chicagotribune.com", "template": "Viafoura", "section_selector": ".vf-commenting"},
{"category": "Local News", "comment_selector": "div.postContainer.fsl.fwb.fcb", "domain": "kansascity.com", "template": "Facebook", "section_selector": "div.fbFeedbackContent"},
{"category": "Local News", "comment_selector": ".fyre-comment-wrapper", "domain": "nola.com", "template": "Livefyre", "section_selector": ".fyre-widget"},
{"category": "Local News", "comment_selector": "div.post-content", "domain": "pressherald.com", "template": "Disqus", "section_selector": "#dsq-2"},
{"category": "Local News", "comment_selector": ".vf-comment-container", "domain": "baltimoresun.com", "template": "Viafoura", "section_selector": ".vf-commenting"},
{"category": "World News", "comment_selector": ".comment-holder", "domain": "boston.com", "template": "", "section_selector": "#comments"},
{"category": "Local News", "comment_selector": ".fyre-comment-wrapper", "domain": "startribune.com", "template": "Livefyre", "section_selector": ".fyre-widget"},
{"category": "Local News", "comment_selector": "div.postContainer.fsl.fwb.fcb", "domain": "msnewsnow.com", "template": "Facebook", "section_selector": "div.fbFeedbackContent"},
{"category": "Local News", "comment_selector": "#comment-list > li > dl", "domain": "billingsgazette.com", "template": "", "section_selector": "#comment-list"},
{"category": "Local News", "comment_selector": "div.postContainer.fsl.fwb.fcb", "domain": "journalstar.com", "template": "Facebook", "section_selector": "div.fbFeedbackContent"},
{"category": "Local News", "comment_selector": ".fyre-comment-wrapper", "domain": "lasvegassun.com", "template": "Livefyre", "section_selector": ".fyre-widget"},
{"category": "Local News", "comment_selector": "#commentscontainer p.article-text + div", "domain": "unionleader.com", "template": "", "section_selector": "#commentscontainer"},
{"category": "Local News", "comment_selector": "div.postContainer.fsl.fwb.fcb", "domain": "concordmonitor.com", "template": "Facebook", "section_selector": "div.fbFeedbackContent"},
{"category": "Local News", "comment_selector": ".fyre-comment-wrapper", "domain": "nj.com", "template": "Livefyre", "section_selector": ".fyre-widget"},
{"category": "Local News", "comment_selector": "div.postContainer.fsl.fwb.fcb", "domain": "abqjournal.com", "template": "Facebook", "section_selector": "div.fbFeedbackContent"},
{"category": "Local News", "comment_selector": ".gig-comment-content", "domain": "nydailynews.com", "template": "", "section_selector": "#commentsDiv"},
{"category": "Local News", "comment_selector": "div.postContainer.fsl.fwb.fcb", "domain": "charlotteobserver.com", "template": "Facebook", "section_selector": "div.fbFeedbackContent"},
{"category": "Local News", "comment_selector": "div.postContainer.fsl.fwb.fcb", "domain": "toledoblade.com", "template": "Facebook", "section_selector": "div.fbFeedbackContent"},
{"category": "Local News", "comment_selector": ".fyre-comment-wrapper", "domain": "cleveland.com", "template": "Livefyre", "section_selector": ".fyre-widget"},
{"category": "Local News", "comment_selector": ".fyre-comment-wrapper", "domain": "oregonlive.com", "template": "Livefyre", "section_selector": ".fyre-widget"},
{"category": "Local News", "comment_selector": "div.post-content", "domain": "phillymag.com", "template": "Disqus", "section_selector": "#dsq-2"},
{"category": "Local News", "comment_selector": "div.post-content", "domain": "philly.com", "template": "Disqus", "section_selector": "#dsq-2"},
{"category": "Local News", "comment_selector": ".vf-comment-container", "domain": "providencejournal.com", "template": "Viafoura", "section_selector": ".vf-commenting"},
{"category": "Local News", "comment_selector": "div.postContainer.fsl.fwb.fcb", "domain": "thestate.com", "template": "Facebook", "section_selector": "div.fbFeedbackContent"},
{"category": "Local News", "comment_selector": "#comment-list li", "domain": "rapidcityjournal.com", "template": "", "section_selector": "#loadComments"},
{"category": "Local News", "comment_selector": "div.postContainer.fsl.fwb.fcb", "domain": "memphisdailynews.com", "template": "Facebook", "section_selector": "div.fbFeedbackContent"},
{"category": "Local News", "comment_selector": "div.postContainer.fsl.fwb.fcb", "domain": "newsobserver.com", "template": "Facebook", "section_selector": "div.fbFeedbackContent"},
{"category": "Local News", "comment_selector": ".fyre-comment-wrapper", "domain": "statesman.com", "template": "Livefyre", "section_selector": ".fyre-widget"},
{"category": "Local News", "comment_selector": ".gig-comment-content", "domain": "dallasnews.com", "template": "", "section_selector": "#comments"},
{"category": "Local News", "comment_selector": "div.post-content", "domain": "sltrib.com", "template": "Disqus", "section_selector": "#dsq-2"},
{"category": "Local News", "comment_selector": "div.postContainer.fsl.fwb.fcb", "domain": "nbcwashington.com", "template": "Facebook", "section_selector": "div.fbFeedbackContent"},
{"category": "Local News", "comment_selector": "div.postContainer.fsl.fwb.fcb", "domain": "richmond.com", "template": "Facebook", "section_selector": "div.fbFeedbackContent"},
{"category": "Local News", "comment_selector": ".vf-comment-container", "domain": "seattlepi.com", "template": "Viafoura", "section_selector": ".vf-commenting"},
{"category": "World News", "comment_selector": "div.post-content", "domain": "washingtontimes.com", "template": "Disqus", "section_selector": "#dsq-2"},
{"category": "Entertainment", "comment_selector": "div.post-content", "domain": "cartalk.com", "template": "Disqus", "section_selector": "#dsq-2"},
{"category": "Local News", "comment_selector": "div.postContainer.fsl.fwb.fcb", "domain": "wvgazette.com", "template": "Facebook", "section_selector": "div.fbFeedbackContent"},
{"category": "Local News", "comment_selector": "#loadComments dl", "domain": "madison.com", "template": "", "section_selector": "#loadComments"},
{"category": "Local News", "comment_selector": ".vf-comment-container", "domain": "jsonline.com", "template": "Viafoura", "section_selector": ".vf-commenting"},
{"category": "Local News", "comment_selector": "div.post-content", "domain": "wyomingnews.com", "template": "Disqus", "section_selector": "#dsq-2"},
{"category": "Local News", "comment_selector": "#loadComments dl", "domain": "trib.com", "template": "", "section_selector": "#loadComments"},
{"category": "Politics", "comment_selector": "div.post-content", "domain": "redstate.com", "template": "Disqus", "section_selector": "#dsq-2"},
{"category": "Politics", "comment_selector": "div.post-content", "domain": "breitbart.com", "template": "Disqus", "section_selector": "#dsq-2"},
{"category": "Politics", "comment_selector": "div.post-content", "domain": "washingtonexaminer.com", "template": "Disqus", "section_selector": "#dsq-2"},
{"category": "Politics", "comment_selector": "div.post-content", "domain": "wnd.com", "template": "Disqus", "section_selector": "#dsq-2"},
{"category": "World News", "comment_selector": "div.post-content", "domain": "abcnews.go.com", "template": "Disqus", "section_selector": "#dsq-2"},
{"category": "Politics", "comment_selector": "div.post-content", "domain": "liberalamerica.org", "template": "Disqus", "section_selector": "#dsq-2"},
{"category": "Politics", "comment_selector": "div.post-content", "domain": "freakoutnation.com", "template": "Disqus", "section_selector": "#dsq-2"},
{"category": "Politics", "comment_selector": ".fyre-comment-wrapper", "domain": "newrepublic.com", "template": "Livefyre", "section_selector": ".fyre-widget"},
{"category": "Blogs", "comment_selector": ".citem", "domain": "polygon.com", "template": "", "section_selector": "#comments"},
{"category": "Politics", "comment_selector": ".fyre-comment-wrapper", "domain": "salon.com", "template": "Livefyre", "section_selector": ".fyre-widget"}
]
