[
{"domain": "motherjones.com", "section_selector": "[id^=dsq-]", "comment_selector": "div.post-content", "template": "Disqus", "category": "World News"},
{"domain": "nymag.com", "section_selector": ".fyre-widget", "comment_selector": ".fyre-comment-wrapper", "template": "Livefyre", "category": "World News"},
{"domain": "pbs.org", "section_selector": "[id^=dsq-]", "comment_selector": "div.post-content", "template": "Disqus", "category": "World News"},
{"domain": "thedailybeast.com", "section_selector": ".fyre-widget", "comment_selector": ".fyre-comment-wrapper", "template": "Livefyre", "category": "World News"},
{"domain": "dailymail.co.uk", "section_selector": "#reader-comments", "comment_selector": ".comment", "template": "", "category": "World News"},
{"domain": "metro.co.uk", "section_selector": "div.fbFeedbackContent", "comment_selector": "div.postContainer.fsl.fwb.fcb", "template": "Facebook", "category": "World News"},
{"domain": "washingtonpost.com", "section_selector": "div.echo-streamserver-controls-stream", "comment_selector": "div.echo-streamserver-controls-stream-item-container", "template": "", "category": "World News"},
{"domain": "america.aljazeera.com", "section_selector": "#commentsDiv", "comment_selector": ".gig-comments-comment", "template": "", "category": "World News"},
{"domain": "huffingtonpost.co*", "section_selector": "div.fbFeedbackContent", "comment_selector": "div.postContainer.fsl.fwb.fcb", "template": "Facebook", "category": "World News"},
{"domain": "theguardian.com", "section_selector": ".discussion__main-comments.js-discussion-main-comments", "comment_selector": ".d-comment__inner,    .d-comment--response", "template": "", "category": "World News"},
{"domain": "theatlantic.com", "section_selector": "[id^=dsq-]", "comment_selector": "div.post-content", "template": "Disqus", "category": "World News"},
{"domain": "economist.com", "section_selector": "#comments-area", "comment_selector": ".single-comment", "template": "", "category": "World News"},
{"domain": "vice.com", "section_selector": "div.fbFeedbackContent", "comment_selector": "div.postContainer.fsl.fwb.fcb", "template": "Facebook", "category": "World News"},
{"domain": "yahoo.com", "section_selector": "div.all-comments", "comment_selector": "li.comment", "template": "", "category": "World News"},
{"domain": "stream.aljazeera.com", "section_selector": "div.fbFeedbackContent", "comment_selector": "div.postContainer.fsl.fwb.fcb", "template": "Facebook", "category": "World News"},
{"domain": "independent.co.uk", "section_selector": "div.comment-container", "comment_selector": "div.gig-comment", "template": "", "category": "World News"},
{"domain": "foxnews.com", "section_selector": ".fyre-widget", "comment_selector": ".fyre-comment-wrapper", "template": "Livefyre", "category": "World News"},
{"domain": "telegraph.co.uk", "section_selector": "[id^=dsq-]", "comment_selector": "div.post-content", "template": "Disqus", "category": "World News"},
{"domain": "npr.org", "section_selector": "[id^=dsq-]", "comment_selector": "div.post-content", "template": "Disqus", "category": "World News"},
{"domain": "vanityfair.com", "section_selector": ".fyre-widget", "comment_selector": ".fyre-comment-wrapper", "template": "Livefyre", "category": "World News"},
{"domain": "dailydot.com", "section_selector": ".fyre-widget", "comment_selector": ".fyre-comment-wrapper", "template": "Livefyre", "category": "World News"},
{"domain": "cbsnews.com", "section_selector": ".fyre-widget", "comment_selector": ".fyre-comment-wrapper", "template": "Livefyre", "category": "World News"},
{"domain": "aol.com", "section_selector": "#aol-comments", "comment_selector": "div.comment", "template": "", "category": "World News"},
{"domain": "msnbc.com", "section_selector": "#discussions .j_watch_ticker", "comment_selector": "article.j-comment", "template": "", "category": "World News"},
{"domain": "thenation.com", "section_selector": "[id^=dsq-]", "comment_selector": "div.post-content", "template": "Disqus", "category": "World News"},
{"domain": "ibtimes.com", "section_selector": "div.fbFeedbackContent", "comment_selector": "div.postContainer.fsl.fwb.fcb", "template": "Facebook", "category": "World News"},
{"domain": "businessinsider.com", "section_selector": "#comments", "comment_selector": "div.pundit-content", "template": "", "category": "World News"},
{"domain": "standard.co.uk", "section_selector": "#gigyacomment_thread", "comment_selector": "div.gig-comments-comment,  div.gig-comments-comment-child", "template": "", "category": "World News"},
{"domain": "latimes.com", "section_selector": ".vf-commenting", "comment_selector": ".vf-comment-container", "template": "Viafoura", "category": "World News"},
{"domain": "chicagotribune.com", "section_selector": ".vf-commenting", "comment_selector": ".vf-comment-container", "template": "Viafoura", "category": "World News"},
{"domain": "boston.com", "section_selector": "#comments", "comment_selector": ".comment-holder", "template": "", "category": "World News"},
{"domain": "washingtontimes.com", "section_selector": "[id^=dsq-]", "comment_selector": "div.post-content", "template": "Disqus", "category": "World News"},
{"domain": "abcnews.go.com", "section_selector": "[id^=dsq-]", "comment_selector": "div.post-content", "template": "Disqus", "category": "World News"},
{"domain": "usatoday.com", "section_selector": "#comments", "comment_selector": ".UFICommentContent", "template": "", "category": "World News"},
{"domain": "mlive.com", "section_selector": ".fyre-widget", "comment_selector": ".fyre-comment-wrapper", "template": "Livefyre", "category": "Local News"},
{"domain": "*.cbslocal.com", "section_selector": "[id^=dsq-]", "comment_selector": "div.post-content", "template": "Disqus", "category": "Local News"},
{"domain": "al.com", "section_selector": ".fyre-widget", "comment_selector": ".fyre-comment-wrapper", "template": "Livefyre", "category": "Local News"},
{"domain": "adn.com", "section_selector": "div.fbFeedbackContent", "comment_selector": "div.postContainer.fsl.fwb.fcb", "template": "Facebook", "category": "Local News"},
{"domain": "arkansasnews.com", "section_selector": "[id^=dsq-]", "comment_selector": "div.post-content", "template": "Disqus", "category": "Local News"},
{"domain": "sacbee.com", "section_selector": ".gig-comments-container", "comment_selector": ".gig-comment", "template": "", "category": "Local News"},
{"domain": "denverpost.com", "section_selector": "[id^=dsq-]", "comment_selector": "div.post-content", "template": "Disqus", "category": "Local News"},
{"domain": "courant.com", "section_selector": ".vf-commenting", "comment_selector": ".vf-comment-container", "template": "Viafoura", "category": "Local News"},
{"domain": "miamiherald.com", "section_selector": "div.fbFeedbackContent", "comment_selector": "div.postContainer.fsl.fwb.fcb", "template": "Facebook", "category": "Local News"},
{"domain": "sun-sentinel.com", "section_selector": ".vf-commenting", "comment_selector": ".vf-comment-container", "template": "Viafoura", "category": "Local News"},
{"domain": "ajc.com", "section_selector": ".fyre-widget", "comment_selector": ".fyre-comment-wrapper", "template": "Livefyre", "category": "Local News"},
{"domain": "hawaiinewsnow.com", "section_selector": "div.fbFeedbackContent", "comment_selector": "div.postContainer.fsl.fwb.fcb", "template": "Facebook", "category": "Local News"},
{"domain": "idahostatesman.com", "section_selector": "div.fbFeedbackContent", "comment_selector": "div.postContainer.fsl.fwb.fcb", "template": "Facebook", "category": "Local News"},
{"domain": "kansascity.com", "section_selector": "div.fbFeedbackContent", "comment_selector": "div.postContainer.fsl.fwb.fcb", "template": "Facebook", "category": "Local News"},
{"domain": "nola.com", "section_selector": ".fyre-widget", "comment_selector": ".fyre-comment-wrapper", "template": "Livefyre", "category": "Local News"},
{"domain": "pressherald.com", "section_selector": "[id^=dsq-]", "comment_selector": "div.post-content", "template": "Disqus", "category": "Local News"},
{"domain": "baltimoresun.com", "section_selector": ".vf-commenting", "comment_selector": ".vf-comment-container", "template": "Viafoura", "category": "Local News"},
{"domain": "startribune.com", "section_selector": ".fyre-widget", "comment_selector": ".fyre-comment-wrapper", "template": "Livefyre", "category": "Local News"},
{"domain": "msnewsnow.com", "section_selector": "div.fbFeedbackContent", "comment_selector": "div.postContainer.fsl.fwb.fcb", "template": "Facebook", "category": "Local News"},
{"domain": "billingsgazette.com", "section_selector": "#comment-list", "comment_selector": "#comment-list > li > dl", "template": "", "category": "Local News"},
{"domain": "journalstar.com", "section_selector": "div.fbFeedbackContent", "comment_selector": "div.postContainer.fsl.fwb.fcb", "template": "Facebook", "category": "Local News"},
{"domain": "lasvegassun.com", "section_selector": ".fyre-widget", "comment_selector": ".fyre-comment-wrapper", "template": "Livefyre", "category": "Local News"},
{"domain": "unionleader.com", "section_selector": "#commentscontainer", "comment_selector": "#commentscontainer p.article-text + div", "template": "", "category": "Local News"},
{"domain": "concordmonitor.com", "section_selector": "div.fbFeedbackContent", "comment_selector": "div.postContainer.fsl.fwb.fcb", "template": "Facebook", "category": "Local News"},
{"domain": "nj.com", "section_selector": ".fyre-widget", "comment_selector": ".fyre-comment-wrapper", "template": "Livefyre", "category": "Local News"},
{"domain": "abqjournal.com", "section_selector": "div.fbFeedbackContent", "comment_selector": "div.postContainer.fsl.fwb.fcb", "template": "Facebook", "category": "Local News"},
{"domain": "nydailynews.com", "section_selector": "#commentsDiv", "comment_selector": ".gig-comment-content", "template": "", "category": "Local News"},
{"domain": "charlotteobserver.com", "section_selector": "div.fbFeedbackContent", "comment_selector": "div.postContainer.fsl.fwb.fcb", "template": "Facebook", "category": "Local News"},
{"domain": "toledoblade.com", "section_selector": "div.fbFeedbackContent", "comment_selector": "div.postContainer.fsl.fwb.fcb", "template": "Facebook", "category": "Local News"},
{"domain": "cleveland.com", "section_selector": ".fyre-widget", "comment_selector": ".fyre-comment-wrapper", "template": "Livefyre", "category": "Local News"},
{"domain": "oregonlive.com", "section_selector": ".fyre-widget", "comment_selector": ".fyre-comment-wrapper", "template": "Livefyre", "category": "Local News"},
{"domain": "phillymag.com", "section_selector": "[id^=dsq-]", "comment_selector": "div.post-content", "template": "Disqus", "category": "Local News"},
{"domain": "philly.com", "section_selector": "[id^=dsq-]", "comment_selector": "div.post-content", "template": "Disqus", "category": "Local News"},
{"domain": "providencejournal.com", "section_selector": ".vf-commenting", "comment_selector": ".vf-comment-container", "template": "Viafoura", "category": "Local News"},
{"domain": "thestate.com", "section_selector": "div.fbFeedbackContent", "comment_selector": "div.postContainer.fsl.fwb.fcb", "template": "Facebook", "category": "Local News"},
{"domain": "rapidcityjournal.com", "section_selector": "#loadComments", "comment_selector": "#comment-list li", "template": "", "category": "Local News"},
{"domain": "memphisdailynews.com", "section_selector": "div.fbFeedbackContent", "comment_selector": "div.postContainer.fsl.fwb.fcb", "template": "Facebook", "category": "Local News"},
{"domain": "newsobserver.com", "section_selector": "div.fbFeedbackContent", "comment_selector": "div.postContainer.fsl.fwb.fcb", "template": "Facebook", "category": "Local News"},
{"domain": "statesman.com", "section_selector": ".fyre-widget", "comment_selector": ".fyre-comment-wrapper", "template": "Livefyre", "category": "Local News"},
{"domain": "dallasnews.com", "section_selector": "#comments", "comment_selector": ".gig-comment-content", "template": "", "category": "Local News"},
{"domain": "sltrib.com", "section_selector": "[id^=dsq-]", "comment_selector": "div.post-content", "template": "Disqus", "category": "Local News"},
{"domain": "nbcwashington.com", "section_selector": "div.fbFeedbackContent,  html#facebook", "comment_selector": "postContainer.fsl.fwb.fcb,  div._3-8y._5nz1", "template": "Facebook", "category": "Local News"},
{"domain": "richmond.com", "section_selector": "div.fbFeedbackContent", "comment_selector": "div.postContainer.fsl.fwb.fcb", "template": "Facebook", "category": "Local News"},
{"domain": "seattlepi.com", "section_selector": ".vf-commenting", "comment_selector": ".vf-comment-container", "template": "Viafoura", "category": "Local News"},
{"domain": "wvgazette.com", "section_selector": "div.fbFeedbackContent", "comment_selector": "div.postContainer.fsl.fwb.fcb", "template": "Facebook", "category": "Local News"},
{"domain": "madison.com", "section_selector": "#loadComments", "comment_selector": "#loadComments dl", "template": "", "category": "Local News"},
{"domain": "jsonline.com", "section_selector": ".vf-commenting", "comment_selector": ".vf-comment-container", "template": "Viafoura", "category": "Local News"},
{"domain": "wyomingnews.com", "section_selector": "[id^=dsq-]", "comment_selector": "div.post-content", "template": "Disqus", "category": "Local News"},
{"domain": "trib.com", "section_selector": "#loadComments", "comment_selector": "#loadComments dl", "template": "", "category": "Local News"},
{"domain": "talkingpointsmemo.com", "section_selector": "#comments", "comment_selector": "#comments div.clearfix", "template": "", "category": "Politics"},
{"domain": "rawstory.com", "section_selector": "[id^=dsq-]", "comment_selector": "div.post-content", "template": "Disqus", "category": "Politics"},
{"domain": "mediaite.com", "section_selector": "[id^=dsq-]", "comment_selector": "div.post-content", "template": "Disqus", "category": "Politics"},
{"domain": "thehill.com", "section_selector": "[id^=dsq-]", "comment_selector": "div.post-content", "template": "Disqus", "category": "Politics"},
{"domain": "bloombergview.com", "section_selector": "[id^=dsq-]", "comment_selector": "div.post-content", "template": "Disqus", "category": "Politics"},
{"domain": "dailykos.com", "section_selector": "#rateAllForm > ul", "comment_selector": "#rateAllForm > ul li", "template": "", "category": "Politics"},
{"domain": "thinkprogress.org", "section_selector": "div.fbFeedbackContent", "comment_selector": "div.postContainer.fsl.fwb.fcb", "template": "Facebook", "category": "Politics"},
{"domain": "mediamatters.org", "section_selector": "[id^=dsq-]", "comment_selector": "div.post-content", "template": "Disqus", "category": "Politics"},
{"domain": "politico.com", "section_selector": "[id^=dsq-]", "comment_selector": "div.post-content", "template": "Disqus", "category": "Politics"},
{"domain": "redstate.com", "section_selector": "[id^=dsq-]", "comment_selector": "div.post-content", "template": "Disqus", "category": "Politics"},
{"domain": "breitbart.com", "section_selector": "[id^=dsq-]", "comment_selector": "div.post-content", "template": "Disqus", "category": "Politics"},
{"domain": "washingtonexaminer.com", "section_selector": "[id^=dsq-]", "comment_selector": "div.post-content", "template": "Disqus", "category": "Politics"},
{"domain": "wnd.com", "section_selector": "[id^=dsq-]", "comment_selector": "div.post-content", "template": "Disqus", "category": "Politics"},
{"domain": "liberalamerica.org", "section_selector": "[id^=dsq-]", "comment_selector": "div.post-content", "template": "Disqus", "category": "Politics"},
{"domain": "freakoutnation.com", "section_selector": "[id^=dsq-]", "comment_selector": "div.post-content", "template": "Disqus", "category": "Politics"},
{"domain": "newrepublic.com", "section_selector": ".fyre-widget", "comment_selector": ".fyre-comment-wrapper", "template": "Livefyre", "category": "Politics"},
{"domain": "salon.com", "section_selector": ".fyre-widget", "comment_selector": ".fyre-comment-wrapper", "template": "Livefyre", "category": "Politics"},
{"domain": "joemygod.com", "section_selector": "[id^=dsq-]", "comment_selector": "div.post-content", "template": "Disqus", "category": "Politics"},
{"domain": "clientsfromhell.net", "section_selector": "[id^=dsq-]", "comment_selector": "div.post-content", "template": "Disqus", "category": "Entertainment"},
{"domain": "gamasutra.com", "section_selector": "#dynamiccomments", "comment_selector": ".parentComment,     .replyComment", "template": "", "category": "Entertainment"},
{"domain": "escapistmagazine.com", "section_selector": "div.fbFeedbackContent", "comment_selector": "div.postContainer.fsl.fwb.fcb", "template": "Facebook", "category": "Entertainment"},
{"domain": "mashable.com", "section_selector": ".fyre-widget", "comment_selector": ".fyre-comment-wrapper", "template": "Livefyre", "category": "Entertainment"},
{"domain": "collegehumor.com", "section_selector": "div.fbFeedbackContent", "comment_selector": "div.postContainer.fsl.fwb.fcb", "template": "Facebook", "category": "Entertainment"},
{"domain": "avclub.com", "section_selector": "[id^=dsq-]", "comment_selector": "div.post-content", "template": "Disqus", "category": "Entertainment"},
{"domain": "youtube.com", "section_selector": "#watch-discussion", "comment_selector": ".comment-item", "template": "", "category": "Entertainment"},
{"domain": "knowyourmeme.com", "section_selector": "div.fbFeedbackContent,     #comments", "comment_selector": "div.postContainer.fsl.fwb.fcb,     .comment.rel", "template": "", "category": "Entertainment"},
{"domain": "cartalk.com", "section_selector": "[id^=dsq-]", "comment_selector": "div.post-content", "template": "Disqus", "category": "Entertainment"},
{"domain": "ew.com", "section_selector": "[id^=dsq-]", "comment_selector": "div.post-content", "template": "Disqus", "category": "Entertainment"},
{"domain": "fusion.net", "section_selector": "div.fbFeedbackContent", "comment_selector": "div.postContainer.fsl.fwb.fcb", "template": "Facebook", "category": "Blogs"},
{"domain": "blogspot.com", "section_selector": "#Blog1_comments-block-wrapper", "comment_selector": ".comment-body", "template": "", "category": "Blogs"},
{"domain": "diply.com", "section_selector": "div.fbFeedbackContent", "comment_selector": "div.postContainer.fsl.fwb.fcb", "template": "Facebook", "category": "Blogs"},
{"domain": "buzzfeed.com", "section_selector": "div.fbFeedbackContent", "comment_selector": "div.postContainer.fsl.fwb.fcb", "template": "Facebook", "category": "Blogs"},
{"domain": "kotaku.com", "section_selector": "section.js_replies", "comment_selector": "article.js_reply.reply", "template": "Kinja", "category": "Blogs"},
{"domain": "jalopnik.com", "section_selector": "section.js_replies", "comment_selector": "article.js_reply.reply", "template": "Kinja", "category": "Blogs"},
{"domain": "gizmodo.com", "section_selector": "section.js_replies", "comment_selector": "article.js_reply.reply", "template": "Kinja", "category": "Blogs"},
{"domain": "io9.com", "section_selector": "section.js_replies", "comment_selector": "article.js_reply.reply", "template": "Kinja", "category": "Blogs"},
{"domain": "gawker.com", "section_selector": "section.js_replies", "comment_selector": "article.js_reply.reply", "template": "Kinja", "category": "Blogs"},
{"domain": "deadspin.com", "section_selector": "section.js_replies", "comment_selector": "article.js_reply.reply", "template": "Kinja", "category": "Blogs"},
{"domain": "jezebel.com", "section_selector": "section.js_replies", "comment_selector": "article.js_reply.reply", "template": "Kinja", "category": "Blogs"},
{"domain": "polygon.com", "section_selector": "#comments", "comment_selector": ".citem", "template": "", "category": "Blogs"},
{"domain": "instructables.com", "section_selector": "#comments", "comment_selector": "div.comment-entry", "template": "", "category": "Technology"},
{"domain": "slashdot.org", "section_selector": "#commentwrap", "comment_selector": ".cw", "template": "", "category": "Technology"},
{"domain": "arstechnica.com", "section_selector": "#comments-area", "comment_selector": ".comment", "template": "", "category": "Technology"},
{"domain": "lifehacker.com", "section_selector": "section.js_replies", "comment_selector": "article.js_reply.reply", "template": "Kinja", "category": "Technology"},
{"domain": "amazon.com", "section_selector": "#revMH", "comment_selector": "#revMHRL > .a-section.celwidget", "template": "", "category": "Uncategorized"},
{"domain": "*.wikia.com", "section_selector": "#article-comments", "comment_selector": "li.comment", "template": "", "category": "Uncategorized"},
{"domain": "patreon.com", "section_selector": "#creation-comments > div.thread > div.cb_comment.ranked_popular.comment_0", "comment_selector": ".comment_block", "template": "", "category": "Uncategorized"}
]